TowerID,TelecomCircle,Zone,City,NetworkTech,AreaType,SiteType,CapacityUsers
T001,Tamil Nadu,South,Chennai,4G,Suburban,Macro,1778
T002,Tamil Nadu,South,Chennai,5G,Urban,Macro,890
T003,Tamil Nadu,South,Chennai,5G,Urban,Macro,1555
T004,Tamil Nadu,South,Chennai,5G,Suburban,Macro,1579
T005,Tamil Nadu,South,Coimbatore,5G,Urban,Rooftop,1241
T006,Tamil Nadu,South,Coimbatore,5G,Urban,Rooftop,1280
T007,Tamil Nadu,South,Madurai,5G,Urban,Rooftop,1763
T008,Tamil Nadu,South,Madurai,5G,Urban Core,Macro,1294
T009,Tamil Nadu,South,Salem,5G,Urban Core,Rooftop,886
T010,Tamil Nadu,South,Salem,5G,Urban,Rooftop,1078
T011,Karnataka,South,Bengaluru,5G,Urban Core,Rooftop,905
T012,Karnataka,South,Bengaluru,5G,Urban,Small Cell,1757
T013,Karnataka,South,Bengaluru,4G,Urban Core,Rooftop,1616
T014,Karnataka,South,Bengaluru,4G,Urban Core,Macro,838
T015,Karnataka,South,Mysuru,5G,Urban,Macro,1180
T016,Karnataka,South,Mysuru,5G,Urban,Macro,1404
T017,Karnataka,South,Mangaluru,4G,Suburban,Macro,882
T018,Karnataka,South,Mangaluru,5G,Urban Core,Rooftop,709
T019,Telangana,South,Hyderabad,5G,Urban,Macro,1534
T020,Telangana,South,Hyderabad,5G,Urban,Macro,1473
T021,Telangana,South,Hyderabad,5G,Urban Core,Macro,1255
T022,Telangana,South,Hyderabad,5G,Urban,Small Cell,758
T023,Telangana,South,Warangal,4G,Suburban,Small Cell,1340
T024,Telangana,South,Warangal,5G,Urban,Rooftop,1302
T025,Kerala,South,Kochi,5G,Urban,Small Cell,710
T026,Kerala,South,Kochi,5G,Urban Core,Macro,1763
T027,Kerala,South,Thiruvananthapuram,5G,Urban Core,Macro,912
T028,Kerala,South,Thiruvananthapuram,4G,Suburban,Macro,1437
T029,Kerala,South,Kozhikode,5G,Urban Core,Macro,1747
T030,Kerala,South,Kozhikode,5G,Suburban,Rooftop,1260
T031,Maharashtra,West,Mumbai,5G,Urban,Macro,726
T032,Maharashtra,West,Mumbai,5G,Suburban,Small Cell,1683
T033,Maharashtra,West,Mumbai,4G,Suburban,Macro,1498
T034,Maharashtra,West,Mumbai,4G,Urban Core,Macro,1650
T035,Maharashtra,West,Pune,5G,Suburban,Rooftop,1124
T036,Maharashtra,West,Pune,5G,Urban,Rooftop,700
T037,Maharashtra,West,Nagpur,5G,Urban,Macro,1224
T038,Maharashtra,West,Nagpur,5G,Urban Core,Macro,1460
T039,Maharashtra,West,Nashik,5G,Urban,Rooftop,1272
T040,Maharashtra,West,Nashik,5G,Urban Core,Macro,719
T041,Gujarat,West,Ahmedabad,5G,Suburban,Macro,711
T042,Gujarat,West,Ahmedabad,5G,Urban Core,Macro,887
T043,Gujarat,West,Surat,4G,Urban,Rooftop,1773
T044,Gujarat,West,Surat,5G,Urban,Macro,1404
T045,Gujarat,West,Vadodara,5G,Suburban,Macro,1187
T046,Gujarat,West,Vadodara,4G,Urban Core,Macro,1329
T047,Delhi NCR,North,Delhi,4G,Urban Core,Macro,1052
T048,Delhi NCR,North,Delhi,5G,Urban Core,Macro,706
T049,Delhi NCR,North,Delhi,5G,Suburban,Rooftop,1705
T050,Delhi NCR,North,Delhi,5G,Suburban,Small Cell,1155
T051,Delhi NCR,North,Gurugram,5G,Urban Core,Small Cell,1397
T052,Delhi NCR,North,Gurugram,5G,Urban Core,Macro,1692
T053,Delhi NCR,North,Noida,5G,Urban,Small Cell,707
T054,Delhi NCR,North,Noida,5G,Urban,Macro,1340
T055,Rajasthan,North,Jaipur,4G,Urban Core,Macro,839
T056,Rajasthan,North,Jaipur,5G,Urban Core,Macro,1264
T057,Rajasthan,North,Jodhpur,4G,Urban,Macro,1786
T058,Rajasthan,North,Jodhpur,4G,Suburban,Small Cell,1322
T059,Rajasthan,North,Udaipur,5G,Suburban,Small Cell,1519
T060,Rajasthan,North,Udaipur,5G,Urban,Small Cell,1239
T061,Uttar Pradesh East,North,Lucknow,4G,Urban Core,Macro,1659
T062,Uttar Pradesh East,North,Lucknow,5G,Suburban,Macro,1609
T063,Uttar Pradesh East,North,Varanasi,4G,Suburban,Macro,1536
T064,Uttar Pradesh East,North,Varanasi,4G,Urban,Rooftop,1612
T065,Uttar Pradesh East,North,Prayagraj,4G,Urban Core,Small Cell,903
T066,Uttar Pradesh East,North,Prayagraj,5G,Urban,Rooftop,1044
T067,West Bengal,East,Kolkata,4G,Urban Core,Macro,1131
T068,West Bengal,East,Kolkata,5G,Urban,Rooftop,828
T069,West Bengal,East,Kolkata,5G,Suburban,Rooftop,1319
T070,West Bengal,East,Kolkata,4G,Urban,Small Cell,1622
T071,West Bengal,East,Durgapur,4G,Urban Core,Rooftop,1547
T072,West Bengal,East,Durgapur,4G,Urban,Macro,1211
T073,West Bengal,East,Siliguri,5G,Urban,Rooftop,1153
T074,West Bengal,East,Siliguri,4G,Urban,Macro,1632
T075,Odisha,East,Bhubaneswar,5G,Urban,Rooftop,1101
T076,Odisha,East,Bhubaneswar,4G,Suburban,Macro,707
T077,Odisha,East,Cuttack,4G,Urban Core,Macro,1750
T078,Odisha,East,Cuttack,4G,Urban,Macro,1329
